Student Name,Class,Date,Achievement,Grade
John Doe,Grade 10,June 1 2026,Excellence in Mathematics,A+
Jane Smith,Grade 11,June 1 2026,Outstanding Science Project,A
Michael Johnson,Grade 9,June 1 2026,Perfect Attendance,A+
Emily Davis,Grade 12,June 1 2026,Leadership Award,A
David Wilson,Grade 10,June 1 2026,Athletic Achievement,A-
Sarah Brown,Grade 11,June 1 2026,Creative Writing Excellence,A+
James Taylor,Grade 9,June 1 2026,Community Service,A
Lisa Anderson,Grade 12,June 1 2026,Academic Excellence,A+
Robert Martinez,Grade 10,June 1 2026,Music Performance,A
Jennifer Garcia,Grade 11,June 1 2026,Debate Champion,A+
